Time,IRSensor,XAxis,YAxis,ZAxis,Velocity,1D_acc
0,3.35368054015163,0.095994729710401,0.742896494701486,0.229598532221621,0,0.789558147747556
0.0005,3.35113378294711,0.102327842060188,0.743425386258673,0.226612556446576,0,0.792466298004925
