Time,IRSensor,XAxis,YAxis,ZAxis,Velocity,1D_acc
0,3.36896108337877,0.100804451232734,0.748021167056058,0.23310439039956,0,0.807575364041681
0.0005,3.33075972531092,0.102041325555605,0.730717061520409,0.237758572776843,0,0.791195740731649
